{
    "105": {
        "Windows": "https://chromedriver.storage.googleapis.com/105.0.5195.52/chromedriver_win32.zip",
        "Linux": "https://chromedriver.storage.googleapis.com/105.0.5195.52/chromedriver_linux64.zip",
        "Darwin": "https://chromedriver.storage.googleapis.com/105.0.5195.52chromedriver_mac64.zip",
        "Darwin_m1": "https://chromedriver.storage.googleapis.com/105.0.5195.52/chromedriver_mac64_m1.zip"
    },
    "104": {
        "Windows": "https://chromedriver.storage.googleapis.com/104.0.5112.79/chromedriver_win32.zip",
        "Linux": "https://chromedriver.storage.googleapis.com/104.0.5112.79/chromedriver_linux64.zip",
        "Darwin": "https://chromedriver.storage.googleapis.com/104.0.5112.79chromedriver_mac64.zip",
        "Darwin_m1": "https://chromedriver.storage.googleapis.com/104.0.5112.79/chromedriver_mac64_m1.zip"
    },
    "103": {
        "Windows": "https://chromedriver.storage.googleapis.com/103.0.5060.134/chromedriver_win32.zip",
        "Linux": "https://chromedriver.storage.googleapis.com/103.0.5060.134/chromedriver_linux64.zip",
        "Darwin": "https://chromedriver.storage.googleapis.com/103.0.5060.134chromedriver_mac64.zip",
        "Darwin_m1": "https://chromedriver.storage.googleapis.com/103.0.5060.134/chromedriver_mac64_m1.zip"
    },
    "102": {
        "Windows": "https://chromedriver.storage.googleapis.com/102.0.5005.61/chromedriver_win32.zip",
        "Linux": "https://chromedriver.storage.googleapis.com/102.0.5005.61/chromedriver_linux64.zip",
        "Darwin": "https://chromedriver.storage.googleapis.com/102.0.5005.61chromedriver_mac64.zip",
        "Darwin_m1": "https://chromedriver.storage.googleapis.com/102.0.5005.61/chromedriver_mac64_m1.zip"
    },
    "101": {
        "Windows": "https://chromedriver.storage.googleapis.com/101.0.4951.15/chromedriver_win32.zip",
        "Linux": "https://chromedriver.storage.googleapis.com/101.0.4951.15/chromedriver_linux64.zip",
        "Darwin": "https://chromedriver.storage.googleapis.com/101.0.4951.15/chromedriver_mac64.zip",
        "Darwin_m1": "https://chromedriver.storage.googleapis.com/101.0.4951.15/chromedriver_mac64_m1.zip"
    },
    "100": {
        "Windows": "https://chromedriver.storage.googleapis.com/100.0.4896.60/chromedriver_win32.zip",
        "Linux": "https://chromedriver.storage.googleapis.com/100.0.4896.60/chromedriver_linux64.zip",
        "Darwin": "https://chromedriver.storage.googleapis.com/100.0.4896.60/chromedriver_mac64.zip",
        "Darwin_m1": "https://chromedriver.storage.googleapis.com/100.0.4896.60/chromedriver_mac64_m1.zip"
    },
    "99": {
        "Windows": "https://chromedriver.storage.googleapis.com/99.0.4844.17/chromedriver_win32.zip",
        "Linux": "https://chromedriver.storage.googleapis.com/99.0.4844.17/chromedriver_linux64.zip",
        "Darwin": "https://chromedriver.storage.googleapis.com/99.0.4844.17/chromedriver_mac64.zip",
        "Darwin_m1": "https://chromedriver.storage.googleapis.com/99.0.4844.17/chromedriver_mac64_m1.zip"
    },
    "98": {
        "Windows": "https://chromedriver.storage.googleapis.com/98.0.4758.80/chromedriver_win32.zip",
        "Linux": "https://chromedriver.storage.googleapis.com/98.0.4758.80/chromedriver_linux64.zip",
        "Darwin": "https://chromedriver.storage.googleapis.com/98.0.4758.80/chromedriver_mac64.zip",
        "Darwin_m1": "https://chromedriver.storage.googleapis.com/98.0.4758.80/chromedriver_mac64_m1.zip"
    },
    "97": {
        "Windows": "https://chromedriver.storage.googleapis.com/97.0.4692.71/chromedriver_win32.zip",
        "Linux": "https://chromedriver.storage.googleapis.com/97.0.4692.71/chromedriver_linux64.zip",
        "Darwin": "https://chromedriver.storage.googleapis.com/97.0.4692.71/chromedriver_mac64.zip",
        "Darwin_m1": "https://chromedriver.storage.googleapis.com/97.0.4692.71/chromedriver_mac64_m1.zip"
    }
}
